Date,1M_Skew_Value,Skew_5D_ZScore,Skew_21D_ZScore,Skew_63D_ZScore,ST_Signal,MT_Signal,LT_Signal,Composite_Signal,Position,Daily_RET,Strategy_Return,Cumulative_PnL
2024-01-03,1.98,1.120110961,1.266396479,1.213299104,1,1,1,1.0,1,-0.008016310937,0.0,0.0
2024-01-04,1.8,1.150464634,1.105576695,0.9140640311,1,1,0,0.6666666666666666,1,-0.003428406248,-0.003428406248,-0.003428406248
2024-01-05,1.61,1.416809699,0.9088813204,0.5868571442,1,1,0,0.6666666666666666,1,0.00182567375,0.00182567375,-0.0016027324980000001
2024-01-08,0.98,0.7224635811,0.004439419235,-0.2930799669,0,0,0,0.0,0,0.01411467159,0.01411467159,0.012511939092000001
2024-01-09,1.19,1.273965371,0.3641833987,-0.01909568847,1,0,0,0.3333333333333333,1,-0.001477892492,-0.0,0.012511939092000001
2024-01-10,0.55,0.7445001434,-0.5613978617,-0.9098168596,0,0,0,0.0,0,0.005665930831,0.005665930831,0.018177869923000002
2024-01-11,0.58,0.3616498174,-0.5232114942,-0.8973617752,0,0,0,0.0,0,-0.000671063772,-0.0,0.018177869923000002
2024-01-12,0.45,0.1432642798,-0.7301481318,-1.088109357,0,0,-1,-0.3333333333333333,-1,0.0007510083176,0.0,0.018177869923000002
2024-01-16,-0.37,-0.8499736578,-2.048978016,-2.215089561,0,-1,-1,-0.6666666666666666,-1,-0.003731319884,0.003731319884,0.021909189807
2024-01-17,-0.79,-1.690314543,-3.174443154,-2.775181195,-1,-1,-1,-1.0,-1,-0.005616893063,0.005616893063,0.02752608287
2024-01-18,1.45,0.07510875589,0.880714192,0.2145775637,0,1,0,0.3333333333333333,1,0.008805265013,-0.008805265013,0.018720817857
2024-01-19,0.86,-1.66799282,-0.3557890392,-0.5665079136,1,0,0,0.3333333333333333,1,0.0123134781,0.0123134781,0.031034295957
2024-01-22,1.8,1.468434486,1.202142999,0.727186025,1,1,0,0.6666666666666666,1,0.002194301016,0.002194301016,0.033228596973
2024-01-23,1.45,0.3156883079,0.4808936745,0.233888513,0,0,0,0.0,0,0.002921390475,0.002921390475,0.036149987448
2024-01-24,1.56,0.9025510064,0.6553606407,0.3489598853,0,0,0,0.0,0,0.0008119886527,0.0,0.036149987448
2024-01-25,1.57,0.9075885904,0.6979695832,0.3246155791,0,0,0,0.0,0,0.005260293106,0.0,0.036149987448
2024-01-26,1.32,0.3066607958,0.3354635099,-0.009804626888,0,0,0,0.0,0,-0.0006517972441,-0.0,0.036149987448
2024-01-29,0.94,-0.7658985449,-0.2582839378,-0.4850989262,0,0,0,0.0,0,0.007556783215,0.0,0.036149987448
2024-01-30,0.77,-1.38883115,-0.5732440471,-0.708125828,1,0,0,0.3333333333333333,1,-0.0006006578827,-0.0,0.036149987448
2024-01-31,1.58,1.157154309,0.6700611619,0.2123949299,1,0,0,0.3333333333333333,1,-0.01610568186,-0.01610568186,0.020044305588
2024-02-01,1.46,1.147436228,0.5122719447,0.0564902934,1,0,0,0.3333333333333333,1,0.0124936799,0.0124936799,0.032537985488
2024-02-02,1.26,1.256362338,0.2085494467,-0.1880009023,1,0,0,0.3333333333333333,1,0.01068446187,0.01068446187,0.043222447358
2024-02-05,1.04,1.365472859,-0.1703771591,-0.4538735528,1,0,0,0.3333333333333333,1,-0.003186376827,-0.003186376827,0.040036070531
2024-02-06,0.87,1.499446021,-0.4872533094,-0.658776832,1,0,0,0.3333333333333333,1,0.00231042666,0.00231042666,0.042346497191000004
2024-02-07,0.45,-0.9912194467,-1.178986322,-1.153340421,0,1,-1,0.0,0,0.008241442162,0.008241442162,0.050587939353
2024-02-08,0.51,-1.125413277,-1.205223006,-1.113151359,1,1,-1,0.3333333333333333,1,0.000570563717,0.0,0.050587939353
2024-02-09,0.63,-1.170815847,-1.106378076,-1.004196239,1,1,-1,0.3333333333333333,1,0.005742400323,0.005742400323,0.056330339676
2024-02-12,0.67,-0.06574668419,-0.9273353605,-0.9805041955,0,1,0,0.3333333333333333,1,-0.0009489496898,-0.0009489496898,0.0553813899862
2024-02-13,0.95,-0.1339174697,-0.45087117,-0.6657047063,0,0,0,0.0,0,-0.01367427079,-0.01367427079,0.0417071191962
2024-02-14,1.02,-0.3249442891,-0.3100562701,-0.5947979979,0,0,0,0.0,0,0.009579723692,0.0,0.0417071191962
2024-02-15,1.06,-0.3672506741,-0.09626344593,-0.5321068911,0,0,0,0.0,0,0.005821278162,0.0,0.0417071191962
2024-02-16,-0.18,-1.519262164,-1.619471967,-2.011802394,-1,-1,-1,-1.0,-1,-0.004803438753,-0.0,0.0417071191962
2024-02-20,2.55,1.100782712,1.578815972,1.239276589,1,1,1,1.0,1,-0.006005310085,0.006005310085,0.0477124292812
2024-02-21,2.53,1.748372251,1.740621879,1.226672071,1,1,1,1.0,1,0.001264192012,0.001264192012,0.048976621293200004
2024-02-22,1.43,0.6346471258,0.3666571347,-0.1239038285,0,0,0,0.0,0,0.02112288731,0.02112288731,0.07009950860320001
2024-02-23,1.29,-0.1084652289,0.1348898269,-0.3174685501,0,0,0,0.0,0,0.0003479436921,0.0,0.07009950860320001
2024-02-26,1.18,-0.6001662741,-0.04017805052,-0.4738780936,0,0,0,0.0,0,-0.003786747367,-0.0,0.07009950860320001
2024-02-27,1.1,-1.093570681,-0.1686238473,-0.5907413675,1,0,0,0.3333333333333333,1,0.001706272574,0.0,0.07009950860320001
2024-02-28,1.56,0.9836510665,0.4790258648,-0.09219051497,0,0,0,0.0,0,-0.001658074349,-0.001658074349,0.0684414342542
2024-02-29,1.42,-0.01830898522,0.268719845,-0.2777194902,0,0,0,0.0,0,0.005229044373,0.0,0.0684414342542
2024-03-01,1.21,-0.6246962682,-0.0377924405,-0.5272585324,0,0,0,0.0,0,0.008007817482,0.0,0.0684414342542
2024-03-04,1.22,-0.8901232236,-0.0522392499,-0.5384576627,0,0,0,0.0,0,-0.001193284901,-0.0,0.0684414342542
2024-03-05,1.55,0.1742106946,0.3898065078,-0.2132348314,0,0,0,0.0,0,-0.01019304417,-0.0,0.0684414342542
2024-03-06,1.72,0.736910713,0.5262163981,-0.05130770503,0,0,0,0.0,0,0.005141130025,0.0,0.0684414342542
2024-03-07,1.14,0.3055550628,-0.2817361724,-0.6644921191,0,0,0,0.0,0,0.01030410832,0.0,0.0684414342542
2024-03-08,1.87,1.465946324,0.5557181939,0.07809936288,1,0,0,0.3333333333333333,1,-0.006528533979,-0.0,0.0684414342542
2024-03-11,1.19,1.237245242,-0.2525951894,-0.6301141772,1,0,0,0.3333333333333333,1,-0.001122238075,-0.001122238075,0.0673191961792
2024-03-12,0.06,-0.3514924722,-1.626094049,-1.824469908,0,1,-1,0.0,0,0.01120177259,0.01120177259,0.0785209687692
2024-03-13,0.33,-0.3894837735,-1.504735362,-1.618776224,0,1,-1,0.0,0,-0.001924537271,-0.0,0.0785209687692
2024-03-14,0.56,-0.3761110246,-1.345048855,-1.418570228,0,1,-1,0.0,0,-0.00287107647,-0.0,0.0785209687692
2024-03-15,-0.88,-1.713399234,-3.315271975,-3.030036489,-1,-1,-1,-1.0,-1,-0.006482890915,-0.0,0.0785209687692
2024-03-18,2.19,1.347817436,0.7502572918,0.3421229748,1,0,0,0.3333333333333333,1,0.006318044045,-0.006318044045,0.07220292472420001
2024-03-19,1.87,1.212246167,0.3785369249,-0.007435221329,1,0,0,0.3333333333333333,1,0.005649179908,0.005649179908,0.0778521046322
2024-03-20,1.37,-0.6907033023,-0.158177115,-0.592958901,0,0,0,0.0,0,0.008904105621,0.008904105621,0.0867562102532
2024-03-21,1.38,-0.4211056575,-0.05527149145,-0.531448704,0,0,0,0.0,0,0.003236599025,0.0,0.0867562102532
2024-03-22,1.79,1.171575364,0.3221775725,-0.06382680247,1,0,0,0.3333333333333333,1,-0.001402262317,-0.0,0.0867562102532
2024-03-25,1.54,0.3508232077,0.01600196976,-0.352644193,0,0,0,0.0,0,-0.003054919777,-0.003054919777,0.08370129047620001
2024-03-26,1.39,-0.5943775497,-0.1991344951,-0.5327470118,0,0,0,0.0,0,-0.002799821394,-0.0,0.08370129047620001
2024-03-27,1.24,-1.649894826,-0.4033365446,-0.7160720875,1,0,0,0.3333333333333333,1,0.008630596628,0.0,0.08370129047620001
2024-03-28,1.69,-0.2278428249,-0.02469839292,-0.231236073,0,0,0,0.0,0,0.001116511606,0.001116511606,0.08481780208220001
2024-04-01,1.54,-0.7591199184,-0.2015640996,-0.4117880931,0,0,0,0.0,0,-0.002013569709,-0.0,0.08481780208220001
2024-04-02,1.64,-0.7111601306,-0.1472725541,-0.3100201565,0,0,0,0.0,0,-0.007239066549,-0.0,0.08481780208220001
2024-04-03,1.53,-0.9781217846,-0.282755076,-0.4385334121,0,0,0,0.0,0,0.001091088611,0.0,0.08481780208220001
2024-04-04,2.53,0.7266250816,0.6169863309,0.6817556461,0,0,0,0.0,0,-0.01233428444,-0.0,0.08481780208220001
2024-04-05,2.91,1.744434586,0.9971563746,1.126081905,1,1,1,1.0,1,0.01109921686,0.0,0.08481780208220001
2024-04-08,1.76,-0.3629514507,-0.02526063483,-0.1365159933,0,0,0,0.0,0,-0.0003746872802,-0.0003746872802,0.08444311480200001
2024-04-09,1.79,-0.069244535,0.0178673642,-0.09233615313,0,0,0,0.0,0,0.001445489477,0.0,0.08444311480200001
2024-04-10,1.51,0.09004603944,-0.2309633824,-0.3986799597,0,0,0,0.0,0,-0.009456977184,-0.0,0.08444311480200001
2024-04-11,1.81,0.4622953601,0.052534724,-0.04810458447,0,0,0,0.0,0,0.007444813046,0.0,0.08444311480200001
2024-04-12,2.97,1.587292575,1.17982303,1.24474797,1,1,1,1.0,1,-0.01455070724,-0.0,0.08444311480200001
2024-04-15,1.11,1.405874819,-0.5409192723,-0.7546125093,1,0,0,0.3333333333333333,1,-0.01202129051,-0.01202129051,0.072421824292
2024-04-16,-0.4,-0.7143948921,-2.068393277,-2.398300867,0,-1,-1,-0.6666666666666666,-1,-0.002056572537,-0.002056572537,0.070365251755
2024-04-17,0.64,-0.3204690629,-1.161801354,-1.274454117,0,1,-1,0.0,0,-0.005780564238,0.005780564238,0.076145815993
2024-04-18,-0.26,-1.141483243,-2.253740557,-2.187693857,-1,-1,-1,-1.0,-1,-0.002208191215,-0.0,0.076145815993
2024-04-19,-0.1,-1.777615007,-2.466952616,-2.111515737,-1,-1,-1,-1.0,-1,-0.008758521049,0.008758521049,0.084904337042
2024-04-22,2.68,0.04758028978,1.140095271,0.9475166548,0,1,0,0.3333333333333333,1,0.008731224445,-0.008731224445,0.07617311259699999
2024-04-23,2.5,-0.6648117347,0.9186580789,0.7432233941,0,1,0,0.3333333333333333,1,0.01196463497,0.01196463497,0.08813774756699999
2024-04-24,2.88,1.303595703,1.474150936,1.122187453,1,1,1,1.0,1,0.0002129946456,0.0002129946456,0.08835074221259999
2024-04-25,2.79,1.728409153,1.260737926,0.9834295236,1,1,0,0.6666666666666666,1,-0.00457643795,-0.00457643795,0.08377430426259999
2024-04-26,2.51,0.9396862574,0.811575819,0.6630160768,0,1,0,0.3333333333333333,1,0.01020913474,0.01020913474,0.09398343900259999
2024-04-29,2.46,0.7879891492,0.6645911489,0.6052829347,0,0,0,0.0,0,0.003178456302,0.003178456302,0.0971618953046
2024-04-30,2.47,0.8506650516,0.5395091924,0.6079513966,0,0,0,0.0,0,-0.01573051716,-0.0,0.0971618953046
2024-05-01,2.4,1.021587809,0.3597789309,0.5151404527,1,0,0,0.3333333333333333,1,-0.003435477561,-0.0,0.0971618953046
2024-05-02,2.27,1.235116673,0.1890809132,0.3714134276,1,0,0,0.3333333333333333,1,0.00912842565,0.00912842565,0.1062903209546
2024-05-03,2.13,1.685345404,0.01089168423,0.1655239192,1,0,0,0.3333333333333333,1,0.01255677106,0.01255677106,0.1188470920146
2024-05-06,1.59,0.9828614923,-0.6255697671,-0.3187685002,0,0,0,0.0,0,0.0103260859,0.0103260859,0.1291731779146
2024-05-07,1.45,0.2233221295,-0.833259969,-0.426613473,0,1,0,0.3333333333333333,1,0.001343437424,0.0,0.1291731779146
2024-05-08,1.36,-0.543305368,-0.9930150263,-0.5009121549,0,1,0,0.3333333333333333,1,-5.782909575e-06,-5.782909575e-06,0.129167395005025
2024-05-09,1.6,0.7722444155,-0.7538013152,-0.3976284503,0,0,0,0.0,0,0.005090917502,0.005090917502,0.134258312507025
2024-05-10,1.44,0.4765756804,-0.9653195996,-0.5042084674,0,1,0,0.3333333333333333,1,0.00164938014,0.0,0.134258312507025
2024-05-13,1.26,0.1842025096,-1.242193822,-0.6185698138,0,1,0,0.3333333333333333,1,-0.0002412554474,-0.0002412554474,0.134017057059625
2024-05-14,1.49,0.1540194092,-0.9808137416,-0.5149746864,0,1,0,0.3333333333333333,1,0.00483776444,0.00483776444,0.138854821499625
2024-05-15,0.49,-1.38560722,-2.102086134,-1.038215583,1,1,-1,0.3333333333333333,1,0.01171598039,0.01171598039,0.150570801889625
2024-05-16,1.5,-0.776301463,-1.11712382,-0.5182580036,0,1,0,0.3333333333333333,1,-0.002081704549,-0.002081704549,0.148489097340625
2024-05-17,1.18,-1.540677616,-1.309628932,-0.6838945458,1,1,0,0.6666666666666666,1,0.00116478828,0.00116478828,0.14965388562062498
2024-05-20,2.29,-0.9703805973,-0.01724406689,-0.1235943134,0,0,0,0.0,0,0.0009164157209,0.0009164157209,0.150570301341525
2024-05-21,2.26,-1.588896786,0.07472803111,-0.1526552402,1,0,0,0.3333333333333333,1,0.002501822676,0.0,0.150570301341525
2024-05-22,2.73,-1.19341537,0.6036418921,0.07705501059,1,0,0,0.3333333333333333,1,-0.002706049712,-0.002706049712,0.147864251629525
2024-05-23,3.19,-0.3550753813,1.094710555,0.2965090447,0,1,0,0.3333333333333333,1,-0.00738080388,-0.00738080388,0.14048344774952498
2024-05-24,2.99,-0.5358582739,0.9666301185,0.1862525646,0,1,0,0.3333333333333333,1,0.007000971935,0.007000971935,0.14748441968452497
2024-05-28,3.09,-0.05457922837,1.135444951,0.2315360892,0,1,0,0.3333333333333333,1,0.0002488349998,0.0002488349998,0.14773325468432497
2024-05-29,3.64,1.168120455,1.828710956,0.5069933162,1,1,0,0.6666666666666666,1,-0.007367076011,-0.007367076011,0.14036617867332496
2024-05-30,3.55,1.71226685,1.954372236,0.4478469277,1,1,0,0.6666666666666666,1,-0.005974995016,-0.005974995016,0.13439118365732497
2024-05-31,2.72,1.139575026,1.155052097,0.02229894017,1,1,0,0.6666666666666666,1,0.008027917211,0.008027917211,0.14241910086832496
2024-06-03,2.58,0.94702426,1.054795151,-0.05618958313,0,1,0,0.3333333333333333,1,0.001116056625,0.001116056625,0.14353515749332496
2024-06-04,2.54,1.27993024,1.096120856,-0.09422587637,1,1,0,0.6666666666666666,1,0.001502820154,0.001502820154,0.14503797764732496
2024-06-05,2.34,1.404023522,0.8934762267,-0.2146015892,1,1,0,0.6666666666666666,1,0.01184766052,0.01184766052,0.15688563816732495
2024-06-06,2.15,1.115310305,0.6993695652,-0.3270480804,1,0,0,0.3333333333333333,1,-0.0001998494592,-0.0001998494592,0.15668578870812494
2024-06-07,1.83,0.5230134233,0.2900576116,-0.5034921875,0,0,0,0.0,0,-0.001115270803,-0.001115270803,0.15557051790512494
2024-06-10,1.82,0.3823106962,0.3080656445,-0.5283893607,0,0,0,0.0,0,0.002580891305,0.0,0.15557051790512494
2024-06-11,2.01,0.9266469289,0.6442944341,-0.4575796616,0,0,0,0.0,0,0.002710421412,0.0,0.15557051790512494
2024-06-12,1.43,0.1485194013,-0.1157077833,-0.7478114966,0,0,0,0.0,0,0.008503679781,0.0,0.15557051790512494
2024-06-13,0.94,-0.08158235969,-0.711393423,-0.9977433748,0,0,0,0.0,0,0.002344572895,0.0,0.15557051790512494
2024-06-14,2.02,1.057374007,0.7543171148,-0.5082635834,1,0,0,0.3333333333333333,1,-0.0003938355534,-0.0,0.15557051790512494
2024-06-17,0.39,-0.6949966348,-1.19024214,-1.293565334,0,1,-1,0.0,0,0.007664408277,0.007664408277,0.16323492618212493
2024-06-18,1.87,0.3838349379,0.6316295117,-0.6116208502,0,0,0,0.0,0,0.002521363071,0.0,0.16323492618212493
2024-06-20,-0.14,-1.554607201,-1.669851846,-1.595405733,-1,-1,-1,-1.0,-1,-0.002525956665,-0.0,0.16323492618212493
2024-06-21,1.04,-1.784326851,-0.4537614654,-1.034090801,1,0,-1,0.0,0,-0.001562165984,0.001562165984,0.16479709216612493
2024-06-24,2.33,0.3429971703,0.9469764992,-0.3975795235,0,1,0,0.3333333333333333,1,-0.003065171961,-0.0,0.16479709216612493
2024-06-25,2.26,0.06411293824,0.7078845933,-0.4420958859,0,0,0,0.0,0,0.003933647462,0.003933647462,0.16873073962812493
2024-06-26,2.24,0.2898404745,0.5591069361,-0.4615809185,0,0,0,0.0,0,0.001572413289,0.0,0.16873073962812493
2024-06-27,2.23,0.5468371954,0.4777756342,-0.4770894063,0,0,0,0.0,0,0.0009072819876,0.0,0.16873073962812493
2024-06-28,2.44,1.454183663,0.6348734424,-0.3811862549,1,0,0,0.3333333333333333,1,-0.004083627735,-0.0,0.16873073962812493
2024-07-01,2.09,1.097801768,0.3142842555,-0.566230627,1,0,0,0.3333333333333333,1,0.002675588959,0.002675588959,0.17140632858712493
2024-07-02,1.92,1.222112277,0.1196965623,-0.6633121298,1,0,0,0.3333333333333333,1,0.006195331949,0.006195331949,0.17760166053612492
2024-07-03,1.57,0.6994528798,-0.1990240098,-0.8588677567,0,0,0,0.0,0,0.005084398104,0.005084398104,0.1826860586401249
2024-07-05,1.72,1.385517629,-0.1837332785,-0.8113720332,1,0,0,0.3333333333333333,1,0.005448779307,0.0,0.1826860586401249
2024-07-08,1.13,0.2273205691,-0.5091368166,-1.129685174,0,0,-1,-0.3333333333333333,-1,0.001016670888,0.001016670888,0.18370272952812491
2024-07-09,1.21,0.747266178,-0.5521682556,-1.125040589,0,0,-1,-0.3333333333333333,-1,0.0007410929776,-0.0007410929776,0.18296163655052491
2024-07-10,1.36,1.445547024,-0.5686214178,-1.086539861,1,0,-1,0.0,0,0.01020803374,-0.01020803374,0.1727536028105249
2024-07-11,0.76,0.3996560929,-0.8377939723,-1.421564738,0,1,-1,0.0,0,-0.008763008284,-0.0,0.1727536028105249
2024-07-12,0.92,0.9503191142,-0.8613703611,-1.380918729,0,1,-1,0.0,0,0.005517016621,0.0,0.1727536028105249
2024-07-15,0.45,0.09999739864,-1.099098307,-1.66527294,0,1,-1,0.0,0,0.002826181805,0.0,0.1727536028105249
2024-07-16,0.93,0.07407971975,-1.005040479,-1.460042456,0,1,-1,0.0,0,0.006389379211,0.0,0.1727536028105249
2024-07-17,-0.23,-0.9657266308,-1.453464125,-2.100457487,0,-1,-1,-0.6666666666666666,-1,-0.0139275127,-0.0,0.1727536028105249
2024-07-18,-0.26,-1.425251618,-1.536829078,-2.152618496,-1,-1,-1,-1.0,-1,-0.007816372509,0.007816372509,0.1805699753195249
2024-07-19,1.05,-1.573251897,-1.10835872,-1.443894276,1,1,-1,0.3333333333333333,1,-0.007140293511,0.007140293511,0.1877102688305249
2024-07-22,2.71,-0.9767140275,-0.5216234747,-0.5167360484,0,0,0,0.0,0,0.01079200727,0.01079200727,0.1985022761005249
2024-07-23,2.64,-1.083829439,-0.5788937138,-0.5215381964,1,0,0,0.3333333333333333,1,-0.001558116674,-0.0,0.1985022761005249
2024-07-24,3.68,0.8863056076,-0.181367359,0.0105028231,0,0,0,0.0,0,-0.02314903145,-0.02314903145,0.1753532446505249
2024-07-25,3.74,1.385934082,-0.177490166,0.03824180869,1,0,0,0.3333333333333333,1,-0.005142681307,-0.0,0.1753532446505249
2024-07-26,3.33,1.309189353,-0.353249604,-0.1864473896,1,0,0,0.3333333333333333,1,0.01109049085,0.01109049085,0.1864437355005249
2024-07-29,2.68,-0.605461379,-0.6312312419,-0.5395957901,0,0,0,0.0,0,0.0008133208771,0.0008133208771,0.1872570563776249
2024-07-30,2.78,-0.5960583193,-0.615687355,-0.5096075065,0,0,0,0.0,0,-0.004960154039,-0.0,0.1872570563776249
2024-07-31,3.19,-0.7395752869,-0.4888158432,-0.316155439,0,0,0,0.0,0,0.01579342364,0.0,0.1872570563776249
2024-08-01,2.74,-1.104103065,-0.7031473792,-0.5605005207,1,0,0,0.3333333333333333,1,-0.01369356971,-0.0,0.1872570563776249
2024-08-02,5.04,-0.7360669821,0.2607981606,0.6065076853,0,0,0,0.0,0,-0.01838183995,-0.01838183995,0.1688752164276249
2024-08-05,12.33,1.728679417,3.406252771,4.333055722,1,1,1,1.0,1,-0.02996880237,-0.0,0.1688752164276249
2024-08-06,7.04,1.345211609,1.972244146,1.982784836,1,1,1,1.0,1,0.01035414252,0.01035414252,0.1792293589476249
2024-08-07,6.17,1.152221314,1.584123144,1.511420623,1,1,1,1.0,1,-0.007734688542,-0.007734688542,0.1714946704056249
2024-08-08,5.5,1.023702999,1.100921359,1.117293084,1,1,1,1.0,1,0.02304260025,0.02304260025,0.1945372706556249
2024-08-09,5.01,1.205909223,0.7801152122,0.8425656574,1,0,0,0.3333333333333333,1,0.004671658542,0.004671658542,0.1992089291976249
2024-08-12,4.22,1.460171491,0.1995629751,0.3707830375,1,0,0,0.3333333333333333,1,4.30376336e-05,4.30376336e-05,0.1992519668312249
2024-08-13,3.09,0.7510624307,-0.6624945891,-0.3208975403,0,0,0,0.0,0,0.01684757288,0.01684757288,0.2160995397112249
2024-08-14,1.54,-0.5761177702,-1.859777796,-1.253402846,0,1,-1,0.0,0,0.003823768086,0.0,0.2160995397112249
2024-08-15,1.15,-1.138746651,-2.471199765,-1.48869037,1,1,-1,0.3333333333333333,1,0.0161332011,0.0,0.2160995397112249
2024-08-16,1.29,-1.726518527,-2.672484413,-1.418896081,1,1,-1,0.3333333333333333,1,0.001989818192,0.001989818192,0.2180893579032249
2024-08-19,3.84,-0.8359778087,-0.4101301904,0.1708777927,0,0,0,0.0,0,0.009722284737,0.009722284737,0.2278116426402249
2024-08-20,3.97,-0.3369217228,-0.1558882352,0.2644268545,0,0,0,0.0,0,-0.001984576294,-0.0,0.2278116426402249
2024-08-21,4.12,0.1563652282,0.1279604368,0.3581018501,0,0,0,0.0,0,0.004239680407,0.0,0.2278116426402249
2024-08-22,4.75,0.9920981744,0.6675426607,0.7429137142,0,0,0,0.0,0,-0.008932812653,-0.0,0.2278116426402249
2024-08-23,4.01,-0.1366722873,0.1864117233,0.2966329574,0,0,0,0.0,0,0.01148342022,0.0,0.2278116426402249
2024-08-26,3.67,-0.6861717395,-0.03604408116,0.08673336805,0,0,0,0.0,0,-0.00315372315,-0.0,0.2278116426402249
2024-08-27,3.71,-0.9357894499,-0.00169922483,0.1080196703,0,0,0,0.0,0,0.001595202997,0.0,0.2278116426402249
2024-08-28,4.83,0.2751274033,0.8144295085,0.7940591759,0,1,0,0.3333333333333333,1,-0.005976038963,-0.0,0.2278116426402249
2024-08-29,4.15,-0.733902307,0.3651280349,0.4003965215,0,0,0,0.0,0,-3.934065069e-05,-3.934065069e-05,0.2277723019895349
2024-08-30,3.7,-1.579010979,0.06072110147,0.1353460615,1,0,0,0.3333333333333333,1,0.01009306218,0.0,0.2277723019895349
2024-09-03,4.93,-0.7576204532,0.8872798154,0.8947062379,0,1,0,0.3333333333333333,1,-0.02115112244,-0.02115112244,0.2066211795495349
2024-09-04,5.55,0.5162351735,1.341619301,1.302304977,0,1,1,0.6666666666666666,1,-0.001602480046,-0.001602480046,0.2050186995035349
2024-09-05,5.25,0.4081598159,1.152597108,1.162184419,0,1,1,0.6666666666666666,1,-0.003018077669,-0.003018077669,0.2020006218345349
2024-09-06,6.06,1.451558552,1.825797327,1.705181996,1,1,1,1.0,1,-0.01726020776,-0.01726020776,0.1847404140745349
2024-09-09,4.79,1.134822348,0.9825468151,0.972212336,1,1,0,0.6666666666666666,1,0.01158009178,0.01158009178,0.1963205058545349
2024-09-10,4.54,1.133107933,0.8376625421,0.84435189,1,1,0,0.6666666666666666,1,0.004472633224,0.004472633224,0.20079313907853488
2024-09-11,4.06,1.173440595,0.513973718,0.5662647389,1,0,0,0.3333333333333333,1,0.01066505081,0.01066505081,0.21145818988853488
2024-09-12,3.17,0.4334621107,-0.1808107343,0.02067273831,0,0,0,0.0,0,0.0074953233,0.0074953233,0.21895351318853487
2024-09-13,3.73,1.150619546,0.3064432286,0.390766791,1,0,0,0.3333333333333333,1,0.005407665804,0.0,0.21895351318853487
2024-09-16,2.29,0.4677391355,-0.7557261193,-0.4930036155,0,0,0,0.0,0,0.001256661014,0.001256661014,0.22021017420253486
2024-09-17,3.06,0.758238457,-0.08158644603,-0.004552350813,0,0,0,0.0,0,0.0002645084669,0.0,0.22021017420253486
2024-09-18,2.22,0.06594736394,-0.5132408429,-0.5117260641,0,0,0,0.0,0,-0.002896400442,-0.0,0.22021017420253486
2024-09-19,0.59,-1.174600554,-1.362661067,-1.500317017,1,1,-1,0.3333333333333333,1,0.01697678641,0.0,0.22021017420253486
2024-09-20,0.84,-1.767640052,-1.193927112,-1.395612207,1,1,-1,0.3333333333333333,1,-0.00194096933,-0.00194096933,0.21826920487253487
2024-09-23,3.58,0.1863659627,0.3105842449,0.2878906218,0,0,0,0.0,0,0.002809269537,0.002809269537,0.22107847440953488
2024-09-24,3.41,-0.3300755506,0.1922613213,0.1630216269,0,0,0,0.0,0,0.00251111729,0.0,0.22107847440953488
2024-09-25,3.5,-0.4607842121,0.1962595288,0.1986501695,0,0,0,0.0,0,-0.001861177443,-0.0,0.22107847440953488
2024-09-26,3.11,-1.235004593,-0.07312810179,-0.04343153518,1,0,0,0.3333333333333333,1,0.004038614114,0.0,0.22107847440953488
2024-09-27,4.0,-0.7145666179,0.3377014818,0.4829540007,0,0,0,0.0,0,-0.001253182998,-0.001253182998,0.21982529141153487
2024-09-30,3.56,-1.486765034,0.07376239959,0.2132705107,1,0,0,0.3333333333333333,1,0.004236542312,0.0,0.21982529141153487
2024-10-01,4.98,0.4101492934,0.7798011555,1.062046428,0,0,1,0.3333333333333333,1,-0.009324110452,-0.009324110452,0.21050118095953488
2024-10-02,4.72,0.2063241483,0.6410080625,0.9288756992,0,0,0,0.0,0,0.0001383840596,0.0001383840596,0.2106395650191349
2024-10-03,5.26,1.129552336,0.8671579034,1.277193815,1,1,1,1.0,1,-0.0016813964,-0.0,0.2106395650191349
2024-10-04,4.25,0.5226885778,0.337671861,0.6925516183,0,0,0,0.0,0,0.008970269862,0.008970269862,0.2196098348811349
2024-10-07,4.92,1.520480355,0.6376968862,1.11929747,1,0,1,0.6666666666666666,1,-0.00958604225,-0.0,0.2196098348811349
2024-10-08,3.89,1.283035002,0.1292915953,0.5037761384,1,0,0,0.3333333333333333,1,0.009689357683,0.009689357683,0.2292991925641349
2024-10-09,3.04,0.846832109,-0.2510978773,-0.02276275164,0,0,0,0.0,0,0.007113384674,0.007113384674,0.23641257723813489
2024-10-10,3.03,1.162467431,-0.2254622187,-0.01962321092,1,0,0,0.3333333333333333,1,-0.002070082389,-0.0,0.23641257723813489
2024-10-11,2.49,1.404787177,-0.4578370584,-0.3420305469,1,0,0,0.3333333333333333,1,0.006051850763,0.006051850763,0.24246442800113488
2024-10-14,1.6,1.616914156,-0.8278037036,-0.8999662077,1,1,0,0.6666666666666666,1,0.007707612858,0.007707612858,0.25017204085913486
2024-10-15,0.59,-0.2098748066,-1.281054508,-1.52605559,0,1,-1,0.0,0,-0.007609409797,-0.007609409797,0.24256263106213485
2024-10-16,-0.11,-0.7847862091,-1.672467381,-1.936527882,0,-1,-1,-0.6666666666666666,-1,0.00467906852,0.0,0.24256263106213485
2024-10-17,-0.14,-1.176667073,-1.721447329,-1.983716925,-1,-1,-1,-1.0,-1,-0.0001711604852,0.0001711604852,0.24273379154733485
2024-10-18,0.31,-1.738500188,-1.677036129,-1.794649558,1,1,-1,0.3333333333333333,1,0.003971603038,-0.003971603038,0.23876218850933484
2024-10-21,4.24,-0.9169852025,0.2816226533,0.7260490716,0,0,0,0.0,0,-0.001822779457,-0.001822779457,0.23693940905233485
2024-10-22,4.13,-1.553021623,0.2284339387,0.6687157768,1,0,0,0.3333333333333333,1,-0.0004748905873,-0.0,0.23693940905233485
2024-10-23,4.96,-0.5007809115,0.6813485459,1.232376418,0,0,1,0.3333333333333333,1,-0.009191277003,-0.009191277003,0.22774813204933486
2024-10-24,5.24,0.1741988414,0.8630067525,1.434599584,0,1,1,0.6666666666666666,1,0.002145782089,0.002145782089,0.22989391413833485
2024-10-25,5.73,0.8649819501,1.194331825,1.80587276,0,1,1,0.6666666666666666,1,-0.0002994908655,-0.0002994908655,0.22959442327283486
2024-10-28,5.11,-0.4377281001,0.9440169269,1.436326388,0,1,1,0.6666666666666666,1,0.002651460369,0.002651460369,0.23224588364183485
2024-10-29,4.71,-1.237779915,0.7840929648,1.194361086,1,0,1,0.6666666666666666,1,0.001614144023,0.001614144023,0.23386002766483485
2024-10-30,5.09,-0.8779730577,1.07698518,1.483074623,0,1,1,0.6666666666666666,1,-0.003300233845,-0.003300233845,0.23055979381983485
2024-10-31,5.89,0.6782562349,1.686806241,2.065553211,0,1,1,0.6666666666666666,1,-0.01861474766,-0.01861474766,0.21194504615983484
2024-11-01,5.93,0.9874128911,1.959879966,2.180324064,0,1,1,0.6666666666666666,1,0.004092578149,0.004092578149,0.21603762430883483
2024-11-04,5.21,1.098384354,1.764484897,1.738915321,1,1,1,1.0,1,-0.002812107248,-0.002812107248,0.21322551706083484
2024-11-05,5.16,1.687502334,1.995569092,1.764189396,1,1,1,1.0,1,0.01226567519,0.01226567519,0.22549119225083483
2024-11-06,2.55,1.301714322,-0.05430681751,-0.2824969017,1,0,0,0.3333333333333333,1,0.02529587948,0.02529587948,0.2507870717308348
2024-11-07,1.86,0.5483222604,-0.6522699161,-0.8443058045,0,0,0,0.0,0,0.007431219894,0.007431219894,0.2582182916248348
2024-11-08,2.13,1.156388169,-0.4012912549,-0.6533231945,1,0,0,0.3333333333333333,1,0.00375684318,0.0,0.2582182916248348
2024-11-11,1.15,-0.2787811759,-1.286901009,-1.459696254,0,1,-1,0.0,0,0.0009690536632,0.0009690536632,0.2591873452880348
2024-11-12,1.35,-0.4096747946,-1.126855806,-1.348934095,0,1,-1,0.0,0,-0.00289268248,-0.0,0.2591873452880348
2024-11-13,1.73,-0.4356299622,-0.8086700609,-1.081984799,0,1,-1,0.0,0,0.0002322864844,0.0,0.2591873452880348
2024-11-14,0.29,-1.563282934,-2.14993963,-2.287527903,1,1,-1,0.3333333333333333,1,-0.006049741203,-0.0,0.2591873452880348
2024-11-15,2.24,-1.69400725,-0.4345980689,-0.7057460023,1,0,0,0.3333333333333333,1,-0.01320352251,-0.01320352251,0.24598382277803477
2024-11-18,3.72,-1.23920762,1.10930741,0.5645880126,1,1,0,0.6666666666666666,1,0.003917814473,0.003917814473,0.24990163725103476
2024-11-19,3.95,-0.03697650171,1.082144407,0.7736632407,0,1,0,0.3333333333333333,1,0.003963608105,0.003963608105,0.2538652453560348
2024-11-20,4.44,1.007889224,1.611555883,1.127536658,1,1,1,1.0,1,2.197066747e-05,2.197066747e-05,0.2538872160235048
2024-11-21,4.29,1.329305103,1.346266497,0.9617336804,1,1,0,0.6666666666666666,1,0.005340444913,0.005340444913,0.2592276609365048
2024-11-22,3.98,1.688472034,1.007627806,0.6847133908,1,1,0,0.6666666666666666,1,0.003467978772,0.003467978772,0.2626956397085048
2024-11-25,3.18,0.8069974954,0.3884984012,0.04334540677,0,0,0,0.0,0,0.00302043442,0.00302043442,0.2657160741285048
2024-11-26,2.96,0.6348271284,0.1923843879,-0.1506246683,0,0,0,0.0,0,0.005722044905,0.0,0.2657160741285048
2024-11-27,3.16,1.399361383,0.273985397,-0.03454678975,1,0,0,0.3333333333333333,1,-0.003801296327,-0.0,0.2657160741285048
2024-11-29,2.82,1.634538825,0.01703715083,-0.3029712705,1,0,0,0.3333333333333333,1,0.005607844314,0.005607844314,0.2713239184425048
2024-12-02,2.25,0.4095481519,-0.403209253,-0.7219309739,0,0,0,0.0,0,0.002448453181,0.002448453181,0.2737723716235048
2024-12-03,2.39,1.203451926,-0.34200632,-0.651481854,1,0,0,0.3333333333333333,1,0.0004514523371,0.0,0.2737723716235048
2024-12-04,2.07,0.4187976825,-0.5928588631,-0.8874532118,0,0,0,0.0,0,0.006051359696,0.006051359696,0.27982373131950483
2024-12-05,2.27,1.277316818,-0.4971649954,-0.7844603398,1,0,0,0.3333333333333333,1,-0.001869714729,-0.0,0.27982373131950483
2024-12-06,1.8,0.2568939479,-0.8663514237,-1.119102975,0,1,-1,0.0,0,0.002495428066,0.002495428066,0.28231915938550484
2024-12-09,1.79,0.334822544,-0.9451894144,-1.161686124,0,1,-1,0.0,0,-0.006144226775,-0.0,0.28231915938550484
2024-12-10,2.0,1.345889576,-0.811578364,-1.05655651,1,1,-1,0.3333333333333333,1,-0.002963893042,-0.0,0.28231915938550484
2024-12-11,1.36,-0.7778193005,-1.258532685,-1.518443005,0,1,-1,0.0,0,0.00816582186,0.00816582186,0.2904849812455048
2024-12-12,1.75,-0.3489436268,-1.075461672,-1.284874235,0,1,-1,0.0,0,-0.005414032106,-0.0,0.2904849812455048
2024-12-13,1.66,-0.3392922901,-1.12480629,-1.360210891,0,1,-1,0.0,0,-2.644081801e-05,-0.0,0.2904849812455048
2024-12-16,1.69,-0.5991618833,-0.9490776253,-1.353183274,0,1,-1,0.0,0,0.003799315495,0.0,0.2904849812455048
2024-12-17,1.23,-1.10956989,-1.166010021,-1.62997656,1,1,-1,0.3333333333333333,1,-0.003863959645,-0.0,0.2904849812455048
2024-12-18,5.49,0.677932366,1.593475552,1.273183742,0,1,1,0.6666666666666666,1,-0.0294928941,-0.0294928941,0.2609920871455048
2024-12-19,1.3,-1.66507649,-1.226080339,-1.590024964,1,1,-1,0.3333333333333333,1,-0.0008650990436,-0.0008650990436,0.2601269881019048
2024-12-20,5.34,1.17759711,1.699167123,1.195195221,1,1,1,1.0,1,0.01086912058,0.01086912058,0.2709961086819048
2024-12-23,5.16,1.48941476,1.772200737,1.088770294,1,1,1,1.0,1,0.007287319693,0.007287319693,0.27828342837490483
2024-12-24,4.23,0.6341019523,1.097934872,0.4347663994,0,1,0,0.3333333333333333,1,0.01104272297,0.01104272297,0.2893261513449048
2024-12-26,3.95,0.3495245284,0.8916309843,0.2268638882,0,1,0,0.3333333333333333,1,-0.0004056264528,-0.0004056264528,0.2889205248921048
2024-12-27,4.51,1.679418024,1.374979801,0.6040612063,1,1,0,0.6666666666666666,1,-0.01105573582,-0.01105573582,0.27786478907210477
2024-12-30,3.65,1.392756899,0.6980330132,-0.01609412759,1,0,0,0.3333333333333333,1,-0.01070201178,-0.01070201178,0.26716277729210475
2024-12-31,3.5,1.576701002,0.5393310493,-0.1429818487,1,0,0,0.3333333333333333,1,-0.004284790433,-0.004284790433,0.26287798685910474
2025-01-02,3.33,0.5410705187,0.3096318199,-0.2871086556,0,0,0,0.0,0,-0.002223873314,-0.002223873314,0.26065411354510476
2025-01-03,3.17,0.2528166887,0.1411832355,-0.3604123858,0,0,0,0.0,0,0.01259595641,0.0,0.26065411354510476
2025-01-06,3.28,0.6872845831,0.2100250206,-0.3273446862,0,0,0,0.0,0,0.00553810116,0.0,0.26065411354510476
2025-01-07,3.23,0.7541680117,0.162910486,-0.3640458419,0,0,0,0.0,0,-0.01110389632,-0.0,0.26065411354510476
2025-01-08,3.4,1.322574062,0.2539755442,-0.3425426647,1,0,0,0.3333333333333333,1,0.001560323776,0.0,0.26065411354510476
2025-01-10,2.1,0.4091003223,-0.7842778999,-0.7140242386,0,0,0,0.0,0,-0.0154116504,-0.0154116504,0.24524246314510476
2025-01-13,1.73,0.3337860579,-1.152177899,-0.8324886755,0,1,0,0.3333333333333333,1,0.001575413932,0.0,0.24524246314510476
2025-01-14,2.94,0.9458278886,-0.2653429472,-0.5467668055,0,0,0,0.0,0,0.001146289893,0.001146289893,0.24638875303810476
2025-01-15,1.53,-0.07064872948,-1.449971582,-0.9035824489,0,1,0,0.3333333333333333,1,0.01831279277,0.0,0.24638875303810476
2025-01-16,0.02,-1.257521955,-2.952208598,-1.306429016,1,1,-1,0.3333333333333333,1,-0.002112636998,-0.002112636998,0.24427611604010477
2025-01-17,0.54,-1.775293498,-3.284790503,-1.200588888,1,1,-1,0.3333333333333333,1,0.009991006073,0.009991006073,0.25426712211310476
2025-01-21,3.11,-0.4293783666,-0.53658555,-0.5621007509,0,0,0,0.0,0,0.008768214306,0.008768214306,0.26303533641910476
2025-01-22,2.94,-0.9445733889,-0.5746959637,-0.62541619,0,0,0,0.0,0,0.006137961132,0.0,0.26303533641910476
2025-01-23,3.05,-1.251303385,-0.4357359255,-0.6146482995,1,0,0,0.3333333333333333,1,0.005313511995,0.0,0.26303533641910476
2025-01-24,3.33,-1.148392777,-0.2239189111,-0.5599969608,1,0,0,0.3333333333333333,1,-0.00285517699,-0.00285517699,0.2601801594291048
2025-01-27,4.37,1.379926496,0.6467028976,-0.3008571028,1,0,0,0.3333333333333333,1,-0.01458064262,-0.01458064262,0.24559951680910477
2025-01-28,3.79,-0.4793965723,0.06413796166,-0.4635628227,0,0,0,0.0,0,0.009217800901,0.009217800901,0.2548173177101048
2025-01-29,4.0,-0.1881544523,0.1826875102,-0.4187998491,0,0,0,0.0,0,-0.004678873379,-0.0,0.2548173177101048
2025-01-30,3.51,-1.012054685,-0.2753795262,-0.5615995394,1,0,0,0.3333333333333333,1,0.005275437095,0.0,0.2548173177101048
2025-01-31,4.0,-0.02251878816,0.02369500504,-0.4449222689,0,0,0,0.0,0,-0.00504680317,-0.00504680317,0.2497705145401048
2025-02-03,4.84,1.401772635,0.5701537388,-0.2302126753,1,0,0,0.3333333333333333,1,-0.007608603881,-0.0,0.2497705145401048
2025-02-04,4.1,0.7849264166,0.008422115876,-0.4260953465,0,0,0,0.0,0,0.007224871842,0.007224871842,0.2569953863821048
2025-02-05,3.69,-0.005538063074,-0.3288386701,-0.5384833463,0,0,0,0.0,0,0.003908656681,0.0,0.2569953863821048
2025-02-06,3.43,-0.8181701198,-0.5641535731,-0.6140191213,0,0,0,0.0,0,0.003644324488,0.0,0.2569953863821048
2025-02-07,4.3,1.406283066,-0.05306466133,-0.3834917339,1,0,0,0.3333333333333333,1,-0.009464837258,-0.0,0.2569953863821048
2025-02-10,3.41,-0.4134840516,-0.6494093618,-0.6136482391,0,0,0,0.0,0,0.006712589964,0.006712589964,0.26370797634610477
2025-02-11,3.63,0.5288699367,-0.5416155635,-0.5471476356,0,0,0,0.0,0,0.0003395731269,0.0,0.26370797634610477
2025-02-12,3.91,1.075788064,-0.368769365,-0.4645921375,1,0,0,0.3333333333333333,1,-0.002723902117,-0.0,0.26370797634610477
2025-02-13,3.18,0.8871477195,-0.8505800201,-0.6378459332,0,1,0,0.3333333333333333,1,0.01042635704,0.01042635704,0.27413433338610477
2025-02-14,3.48,1.407105806,-0.6139523859,-0.548417238,1,0,0,0.3333333333333333,1,-7.195338729e-05,-7.195338729e-05,0.2740623799988148
2025-02-18,2.11,-0.35242457,-1.408776956,-0.8863876751,0,1,0,0.3333333333333333,1,0.002444955786,0.002444955786,0.2765073357848148
2025-02-19,1.51,-0.9108334569,-1.785340817,-1.058365867,0,1,-1,0.0,0,0.002376998098,0.002376998098,0.2788843338828148
2025-02-20,1.52,-1.390447676,-1.667357776,-1.080498006,1,1,-1,0.3333333333333333,1,-0.00433420408,-0.0,0.2788843338828148
2025-02-21,2.79,-1.761609704,-0.8978506792,-0.7775215858,1,1,0,0.6666666666666666,1,-0.01706410441,-0.01706410441,0.2618202294728148
2025-02-24,5.67,0.7447905026,0.7733778953,-0.03351011555,0,0,0,0.0,0,-0.004969125896,-0.004969125896,0.2568511035768148
2025-02-25,5.71,0.5756888714,0.8569120551,-0.03084972816,0,1,0,0.3333333333333333,1,-0.004679730915,-0.0,0.2568511035768148
2025-02-26,5.46,-0.3678931751,0.7568850109,-0.09475302419,0,0,0,0.0,0,0.000136014441,0.000136014441,0.25698711801781476
2025-02-27,5.17,-1.547614944,0.6083957426,-0.1693511732,1,0,0,0.3333333333333333,1,-0.01586451446,-0.0,0.25698711801781476
2025-02-28,5.54,-1.214293953,0.856803876,-0.07033174407,1,1,0,0.6666666666666666,1,0.01585411417,0.01585411417,0.27284123218781475
2025-03-03,5.89,0.2253301334,1.091988897,0.02256239394,0,1,0,0.3333333333333333,1,-0.01759677555,-0.01759677555,0.25524445663781475
2025-03-04,5.75,0.02135650585,1.009967668,-0.007958858498,0,1,0,0.3333333333333333,1,-0.01223477363,-0.01223477363,0.24300968300781475
2025-03-05,5.6,0.1096253591,0.9006596943,-0.0385648522,0,1,0,0.3333333333333333,1,0.01115928108,0.01115928108,0.25416896408781475
2025-03-06,5.86,0.7632179031,0.9321735997,0.03862326921,0,1,0,0.3333333333333333,1,-0.01781903013,-0.01781903013,0.23634993395781476
2025-03-07,6.13,1.42053421,0.4047849958,0.1163472691,1,0,0,0.3333333333333333,1,0.00552058719,0.00552058719,0.24187052114781477
2025-03-10,5.38,1.466599269,-0.002259774196,-0.0651640775,1,0,0,0.3333333333333333,1,-0.02697306852,-0.02697306852,0.21489745262781476
2025-03-11,4.74,1.001838056,-0.2420266279,-0.2210837424,1,0,0,0.3333333333333333,1,-0.007567823658,-0.007567823658,0.20732962896981477
2025-03-12,4.38,1.048757665,-0.3654392386,-0.3023361097,1,0,0,0.3333333333333333,1,0.00488687328,0.00488687328,0.21221650224981478
2025-03-13,3.97,1.166399235,-0.5073039793,-0.4040685346,1,0,0,0.3333333333333333,1,-0.01389102209,-0.01389102209,0.19832548015981477
2025-03-14,3.82,1.384407088,-0.5951416553,-0.4439513679,1,0,0,0.3333333333333333,1,0.02126588331,0.02126588331,0.21959136346981478
2025-03-17,2.48,0.9465218197,-0.8664956783,-0.8000944303,0,1,0,0.3333333333333333,1,0.00641609948,0.00641609948,0.22600746294981477
2025-03-18,2.24,0.1178960721,-0.8999044071,-0.8679130799,0,1,0,0.3333333333333333,1,-0.01065351922,-0.01065351922,0.21535394372981478
2025-03-19,2.13,-0.2032864166,-0.9368005875,-0.9190582749,0,1,0,0.3333333333333333,1,0.01079851674,0.01079851674,0.2261524604698148
2025-03-20,0.67,-1.263907075,-1.212796006,-1.308072768,1,1,-1,0.3333333333333333,1,-0.002184910375,-0.002184910375,0.2239675500948148
2025-03-21,1.31,-1.757982568,-1.204460699,-1.162899128,1,1,-1,0.3333333333333333,1,0.0008246672635,0.0008246672635,0.2247922173583148
2025-03-24,4.09,-0.9185613075,-0.7792332395,-0.4521329688,0,0,0,0.0,0,0.01764604168,0.01764604168,0.2424382590383148
2025-03-25,4.04,-1.289403774,-0.8278766631,-0.4665102209,1,1,0,0.6666666666666666,1,0.001574319861,0.0,0.2424382590383148
2025-03-26,4.41,-1.063521621,-0.8031394629,-0.3675756615,1,1,0,0.6666666666666666,1,-0.01115698545,-0.01115698545,0.23128127358831482
2025-03-27,4.66,-1.11729137,-0.7899201762,-0.2979721385,1,0,0,0.3333333333333333,1,-0.003306957039,-0.003306957039,0.22797431654931483
2025-03-28,4.81,-1.054722733,-0.7866577136,-0.2526414011,1,0,0,0.3333333333333333,1,-0.01973720033,-0.01973720033,0.20823711621931482
2025-03-31,5.3,-0.6075458725,-0.7077830772,-0.1139810468,0,0,0,0.0,0,0.005538493515,0.005538493515,0.2137756097343148
2025-04-01,5.78,-0.8235630158,-0.6323449724,0.02220435752,0,0,0,0.0,0,0.003781284247,0.0,0.2137756097343148
2025-04-02,5.97,-1.206398185,-0.6020102795,0.08156009017,1,0,0,0.3333333333333333,1,0.006728125161,0.0,0.2137756097343148
2025-04-03,7.46,-1.491254974,-0.2939157155,0.4842457041,1,0,0,0.3333333333333333,1,-0.04839560075,-0.04839560075,0.16538000898431482
2025-04-04,17.11,0.3144557479,1.700820817,3.035741243,0,1,1,0.6666666666666666,1,-0.05974961642,-0.05974961642,0.10563039256431482
2025-04-07,18.44,0.9940154885,2.237346925,3.719987453,0,1,1,0.6666666666666666,1,-0.002331457131,-0.002331457131,0.10329893543331482
2025-04-08,18.53,1.34199255,2.760227196,4.307837782,1,1,1,1.0,1,-0.01570052842,-0.01570052842,0.08759840701331482
2025-04-09,11.97,0.4107256901,1.628916769,2.727264815,0,1,1,0.6666666666666666,1,0.09515390034,0.09515390034,0.18275230735331482
2025-04-10,15.18,1.24185663,2.892148575,4.241621841,1,1,1,1.0,1,-0.03460756107,-0.03460756107,0.1481447462833148
2025-04-11,12.39,1.537864281,2.733117907,3.763568767,1,1,1,1.0,1,0.01809208341,0.01809208341,0.16623682969331482
2025-04-14,7.79,1.124630149,1.247380444,1.862871491,1,1,1,1.0,1,0.007944646639,0.007944646639,0.17418147633231482
2025-04-15,1.94,-1.087694137,-1.398403632,-1.166489462,1,1,-1,0.3333333333333333,1,-0.00172771954,-0.00172771954,0.1724537567923148
2025-04-16,3.45,-1.070776371,-0.6691724684,-0.355774147,1,0,0,0.3333333333333333,1,-0.02240842896,-0.02240842896,0.1500453278323148
2025-04-17,3.36,-1.776887678,-0.6197160848,-0.3778757665,1,0,0,0.3333333333333333,1,0.001326838145,0.001326838145,0.15137216597731482
2025-04-21,7.48,0.477809467,1.13356,1.749363137,0,1,1,0.6666666666666666,1,-0.0235674939,-0.0235674939,0.12780467207731483
2025-04-22,7.55,0.8870634643,1.254507785,1.862793747,0,1,1,0.6666666666666666,1,0.02511728898,0.02511728898,0.15292196105731481
2025-04-23,7.07,0.3348004386,1.0756822,1.691134727,0,1,1,0.6666666666666666,1,0.01666111926,0.01666111926,0.1695830803173148
2025-04-24,7.61,1.377981639,1.357763153,2.065549821,1,1,1,1.0,1,0.02025908413,0.02025908413,0.1898421644473148
2025-04-25,7.03,1.08398497,1.090281101,1.844453035,1,1,1,1.0,1,0.007373144179,0.007373144179,0.1972153086263148
2025-04-28,6.52,0.2345787158,0.9209231416,1.629916374,0,1,1,0.6666666666666666,1,0.0006406996295,0.0006406996295,0.1978560082558148
2025-04-29,6.22,0.1974586888,0.8297830577,1.510079215,0,1,1,0.6666666666666666,1,0.005802396563,0.005802396563,0.2036584048188148
2025-04-30,7.0,1.185458553,1.265176874,2.045516811,1,1,1,1.0,1,0.001479994893,0.001479994893,0.2051383997118148
2025-05-01,6.44,1.347261774,1.060458224,1.784386693,1,1,1,1.0,1,0.006299088176,0.006299088176,0.2114374878878148
2025-05-02,5.97,1.502483892,0.8956758638,1.50085998,1,1,1,1.0,1,0.01472661283,0.01472661283,0.2261641007178148
2025-05-05,4.58,0.4853188449,0.2181614883,0.6264759262,0,0,0,0.0,0,-0.006381590632,-0.006381590632,0.2197825100858148
2025-05-06,4.74,0.8880494966,0.3329214407,0.7391372174,0,0,0,0.0,0,-0.007693287885,-0.0,0.2197825100858148
2025-05-07,4.88,1.455727425,0.4245347155,0.8496404595,1,0,0,0.3333333333333333,1,0.004346422539,0.0,0.2197825100858148
2025-05-08,3.78,1.307084019,-0.1130240048,0.1428066135,1,0,0,0.3333333333333333,1,0.005799747127,0.005799747127,0.22558225721281477
2025-05-09,2.95,1.331129281,-0.5339275065,-0.3945133852,1,0,0,0.3333333333333333,1,-0.0007115188367,-0.0007115188367,0.22487073837611476
2025-05-12,2.11,0.9964818507,-0.9493946025,-0.9440716484,0,1,0,0.3333333333333333,1,0.03255882161,0.03255882161,0.2574295599861148
2025-05-13,2.17,0.06063353489,-0.9746407602,-0.9060116617,0,1,0,0.3333333333333333,1,0.007248224305,0.007248224305,0.26467778429111477
2025-05-14,0.91,-0.825767511,-1.749593458,-1.710904046,0,1,-1,0.0,0,0.001024369113,0.001024369113,0.2657021534041148
2025-05-15,1.38,-0.9832490844,-1.725038148,-1.419295561,0,1,-1,0.0,0,0.004132315556,0.0,0.2657021534041148
2025-05-16,1.07,-1.66744884,-2.110826026,-1.620987003,1,1,-1,0.3333333333333333,1,0.007005322017,0.0,0.2657021534041148
2025-05-19,4.83,-1.147057381,0.1083508879,0.8361376456,1,0,0,0.3333333333333333,1,0.0008760770545,0.0008760770545,0.2665782304586148
2025-05-20,5.14,-1.024937017,0.3688659147,1.046047766,1,0,1,0.6666666666666666,1,-0.003880206587,-0.003880206587,0.2626980238716148
2025-05-21,6.78,0.5484000339,1.51085192,2.150397335,0,1,1,0.6666666666666666,1,-0.01613511412,-0.01613511412,0.2465629097516148
2025-05-22,6.39,0.5073926484,1.340584375,1.95341822,0,1,1,0.6666666666666666,1,-0.0004448543188,-0.0004448543188,0.2461180554328148
2025-05-23,7.57,1.755386786,2.336882195,2.881659463,1,1,1,1.0,1,-0.006708307586,-0.006708307586,0.2394097478468148
2025-05-27,5.19,0.5457494931,0.8676986682,1.320126291,0,1,1,0.6666666666666666,1,0.0204590182,0.0204590182,0.2598687660468148
2025-05-28,4.98,0.4681269605,0.7569457992,1.19011579,0,0,1,0.3333333333333333,1,-0.005571185874,-0.005571185874,0.2542975801728148
2025-05-29,4.88,0.6326444946,0.7368026777,1.13310228,0,0,1,0.3333333333333333,1,0.004011174228,0.004011174228,0.2583087544008148
2025-05-30,5.44,1.579348265,1.30454928,1.602834217,1,1,1,1.0,1,-8.11884638e-05,-8.11884638e-05,0.2582275659370148
2025-06-02,4.35,1.012473874,0.4574265536,0.7632698191,1,0,0,0.3333333333333333,1,0.004102041886,0.004102041886,0.2623296078230148
2025-06-03,3.63,0.4333192991,-0.1657570066,0.1702944125,0,0,0,0.0,0,0.005800260784,0.005800260784,0.26812986860701477
2025-06-04,3.48,0.5230038589,-0.2884086865,0.03823131317,0,0,0,0.0,0,7.369727504e-05,0.0,0.26812986860701477
2025-06-05,4.18,1.405367618,0.3647271149,0.5836278795,1,0,0,0.3333333333333333,1,-0.00527734093,-0.0,0.26812986860701477
2025-06-06,2.58,-0.6338732288,-0.9807058051,-0.6686460301,0,1,0,0.3333333333333333,1,0.01028067281,0.01028067281,0.27841054141701477
2025-06-09,2.93,-0.5770428337,-0.6213708189,-0.4030905051,0,0,0,0.0,0,0.0009199448033,0.0009199448033,0.27933048622031476
2025-06-10,2.19,-1.175184411,-1.183240162,-0.9893398743,1,1,0,0.6666666666666666,1,0.005482960033,0.0,0.27933048622031476
2025-06-11,3.51,-0.8377464655,-0.09696508329,0.03698100185,0,0,0,0.0,0,-0.00274391809,-0.00274391809,0.27658656813031474
2025-06-12,4.22,-0.2786409469,0.5287004179,0.6116565143,0,0,0,0.0,0,0.003822497941,0.0,0.27658656813031474
2025-06-13,6.07,0.9800866225,1.9188902,2.095486123,0,1,1,0.6666666666666666,1,-0.01129645375,-0.0,0.27658656813031474
2025-06-16,3.36,-0.6248942784,0.1562327085,-0.01592734052,0,0,0,0.0,0,0.009392719053,0.009392719053,0.2859792871833147
2025-06-17,6.44,1.253510764,2.42966875,2.519749191,1,1,1,1.0,1,-0.008352242873,-0.0,0.2859792871833147
2025-06-18,3.14,-0.8597953583,0.280259616,-0.1512200244,0,0,0,0.0,0,-0.0003092238982,-0.0003092238982,0.28567006328511474
2025-06-20,3.12,-1.120638681,0.2358996604,-0.1433977855,1,0,0,0.3333333333333333,1,-0.002178612811,-0.0,0.28567006328511474
2025-06-23,5.75,1.695740776,2.312724693,2.064366092,1,1,1,1.0,1,0.009606490791,0.009606490791,0.29527655407611475
2025-06-24,4.29,1.109598975,1.455773423,0.9135465949,1,1,0,0.6666666666666666,1,0.01112167789,0.01112167789,0.30639823196611476
2025-06-25,4.03,1.1899551,1.321987062,0.6951299071,1,1,0,0.6666666666666666,1,-3.282897091e-06,-3.282897091e-06,0.30639494906902376
2025-06-26,3.83,1.23033407,1.209705274,0.5248817859,1,1,0,0.6666666666666666,1,0.008020143923,0.008020143923,0.31441509299202375
2025-06-27,3.54,0.9138942833,0.9887614964,0.2682426961,0,1,0,0.3333333333333333,1,0.005219002706,0.005219002706,0.31963409569802376
2025-06-30,2.99,-1.050914826,0.3796521078,-0.2058584815,1,0,0,0.3333333333333333,1,0.005164367163,0.005164367163,0.32479846286102376
2025-07-01,3.19,0.1669648264,0.5304132332,-0.04502863606,0,0,0,0.0,0,-0.001118461873,-0.001118461873,0.32368000098802374
2025-07-02,3.56,1.03201186,0.7995127406,0.2597534081,1,0,0,0.3333333333333333,1,0.004745071402,0.0,0.32368000098802374
2025-07-03,3.32,1.227551766,0.3865724684,0.05255013412,1,0,0,0.3333333333333333,1,0.008338926875,0.008338926875,0.3320189278630237
2025-07-07,3.07,1.59233718,0.1310961157,-0.1719285635,1,0,0,0.3333333333333333,1,-0.007862278739,-0.007862278739,0.32415664912402375
2025-07-08,2.47,1.256456097,-0.3548996441,-0.6912037322,1,0,0,0.3333333333333333,1,-0.0007158931489,-0.0007158931489,0.32344075597512373
2025-07-09,1.9,0.2528377753,-0.8136804386,-1.184634396,0,1,-1,0.0,0,0.006062144206,0.006062144206,0.3295029001811237
2025-07-10,2.17,0.9135215857,-0.6661385243,-0.9928392948,0,0,0,0.0,0,0.002746173718,0.0,0.3295029001811237
2025-07-11,2.21,1.477494396,-0.6576488989,-0.9853709131,1,0,0,0.3333333333333333,1,-0.003297529162,-0.0,0.3295029001811237
2025-07-14,1.67,1.455496078,-1.094746547,-1.483197044,1,1,-1,0.3333333333333333,1,0.001407404449,0.001407404449,0.3309103046301237
2025-07-15,0.85,-0.6819269,-1.783660593,-2.226332126,0,1,-1,0.0,0,-0.003956251515,-0.003956251515,0.3269540531151237
2025-07-16,1.3,-0.6799678626,-1.48924032,-1.948293267,0,1,-1,0.0,0,0.003193588479,0.0,0.3269540531151237
2025-07-17,1.17,-1.096043596,-1.604682753,-2.165617256,1,1,-1,0.3333333333333333,1,0.005373820585,0.0,0.3269540531151237
2025-07-18,1.22,-1.72609949,-1.583328552,-2.246093928,1,1,-1,0.3333333333333333,1,-9.05141202e-05,-9.05141202e-05,0.3268635389949237
2025-07-21,3.77,1.025699725,0.4253055857,0.1549133026,1,0,0,0.3333333333333333,1,0.001399125586,0.001399125586,0.32826266458092374
2025-07-22,3.81,1.663884044,0.4059986981,0.2035267303,1,0,0,0.3333333333333333,1,0.0006375285461,0.0006375285461,0.32890019312702373
2025-07-23,3.2,-0.3048553804,-0.150273554,-0.4177662623,0,0,0,0.0,0,0.007811880906,0.007811880906,0.3367120740330237
2025-07-24,3.27,-0.3904888226,-0.1679469748,-0.3746886735,0,0,0,0.0,0,0.0006982328732,0.0,0.3367120740330237
2025-07-25,3.21,-0.7778989972,-0.2411415719,-0.4562550759,0,0,0,0.0,0,0.003974321702,0.0,0.3367120740330237
2025-07-28,2.97,-1.101872453,-0.4479184399,-0.6972674431,1,0,0,0.3333333333333333,1,0.0001768764557,0.0,0.3367120740330237
2025-07-29,3.85,-0.7683910673,0.1823304788,0.07945982861,0,0,0,0.0,0,-0.002959417945,-0.002959417945,0.33375265608802374
2025-07-30,3.81,-0.8835070232,0.140706383,0.04700486048,0,0,0,0.0,0,-0.001249438851,-0.0,0.33375265608802374
2025-07-31,4.35,-0.1069762981,0.5540937809,0.5428763223,0,0,0,0.0,0,-0.003694856119,-0.0,0.33375265608802374
2025-08-01,5.95,1.521023268,1.749167009,1.998604501,1,1,1,1.0,1,-0.01599207495,-0.0,0.33375265608802374
2025-08-04,4.64,1.384427167,0.8132962804,0.8612555074,1,1,0,0.6666666666666666,1,0.0147370716,0.0147370716,0.3484897276880237
2025-08-05,4.02,1.506024001,0.3276447479,0.2813760153,1,0,0,0.3333333333333333,1,-0.004857865951,-0.004857865951,0.3436318617370237
2025-08-06,3.31,1.217273023,-0.2164636008,-0.3782274495,1,0,0,0.3333333333333333,1,0.007281888624,0.007281888624,0.3509137503610237
2025-08-07,3.12,1.127752849,-0.3867812932,-0.5576285288,1,0,0,0.3333333333333333,1,-0.0007974707883,-0.0007974707883,0.3501162795727237
2025-08-08,2.62,0.9625115493,-0.782069062,-1.023924996,0,0,-1,-0.3333333333333333,-1,0.007799684543,0.007799684543,0.3579159641157237
2025-08-11,2.56,1.38179992,-0.8571460203,-1.097137083,1,1,-1,0.3333333333333333,1,-0.002504127898,0.002504127898,0.36042009201372366
2025-08-12,2.19,0.08029952851,-1.203360991,-1.459717112,0,1,-1,0.0,0,0.01134550361,0.01134550361,0.37176559562372363
2025-08-13,1.31,-0.7382246549,-1.947457037,-2.321790794,0,1,-1,0.0,0,0.003230030283,0.0,0.37176559562372363
2025-08-14,1.37,-1.065972993,-2.157297494,-2.407589044,1,1,-1,0.3333333333333333,1,0.0003030968456,0.0,0.37176559562372363
2025-08-15,1.31,-1.730024946,-2.589145006,-2.632059267,1,1,-1,0.3333333333333333,1,-0.002897098882,-0.002897098882,0.3688684967417236
2025-08-18,4.26,-0.8047097184,0.3916471903,0.3506373102,0,0,0,0.0,0,-0.0001007783187,-0.0001007783187,0.36876771842302364
2025-08-19,4.74,0.1638191439,1.019922403,0.8704957283,0,1,0,0.3333333333333333,1,-0.005858136344,-0.0,0.36876771842302364
2025-08-20,5.07,0.8485155477,1.394019237,1.239367246,0,1,1,0.6666666666666666,1,-0.002431617579,-0.002431617579,0.3663361008440236
2025-08-21,5.39,1.769284518,1.73774708,1.616219305,1,1,1,1.0,1,-0.004004202771,-0.004004202771,0.36233189807302363
2025-08-22,4.06,0.606910985,0.6261489569,0.2169611062,0,0,0,0.0,0,0.0151864079,0.0151864079,0.3775183059730236
2025-08-25,3.92,-0.3882348372,0.4831590523,0.06701026773,0,0,0,0.0,0,-0.004266334308,-0.0,0.3775183059730236
2025-08-26,3.95,-0.5864996984,0.512288284,0.09997079828,0,0,0,0.0,0,0.00413397688,0.0,0.3775183059730236
2025-08-27,4.15,-0.5243002654,0.6916835532,0.3139222222,0,0,0,0.0,0,0.002390990328,0.0,0.3775183059730236
2025-08-28,3.67,-1.047409372,0.2313495417,-0.1883535672,1,0,0,0.3333333333333333,1,0.003156725399,0.0,0.3775183059730236
2025-08-29,4.54,0.1463790946,1.105041197,0.7166752731,0,1,0,0.3333333333333333,1,-0.006398169139,-0.006398169139,0.3711201368340236
2025-09-02,5.35,1.397205157,1.99801585,1.568905586,1,1,1,1.0,1,-0.006922322012,-0.006922322012,0.3641978148220236
2025-09-03,4.68,1.506759172,1.546629985,0.9275384506,1,1,0,0.6666666666666666,1,0.00510011628,0.00510011628,0.36929793110202364
2025-09-04,3.76,0.8264856374,0.5233563001,-0.0220989396,0,0,0,0.0,0,0.008346437644,0.008346437644,0.37764436874602364
2025-09-05,3.9,1.315130405,0.6589530612,0.1234898271,1,0,0,0.3333333333333333,1,-0.003165141001,-0.0,0.37764436874602364
2025-09-08,3.22,0.551664173,-0.09727940242,-0.5746311007,0,0,0,0.0,0,0.002105993983,0.002105993983,0.3797503627290236
2025-09-09,3.11,0.314573485,-0.2647093171,-0.6965076635,0,0,0,0.0,0,0.002688159627,0.0,0.3797503627290236
2025-09-10,3.4,1.183992405,0.04971328943,-0.4162091779,1,0,0,0.3333333333333333,1,0.00298344289,0.0,0.3797503627290236
2025-09-11,2.47,-1.335458801,-1.060842303,-1.354351378,1,1,-1,0.3333333333333333,1,0.008485863528,0.008485863528,0.38823622625702364
2025-09-12,2.92,0.4029870157,-0.6418564634,-0.9532860217,0,0,0,0.0,0,-0.0004827346462,-0.0004827346462,0.3877534916108236
2025-09-15,3.11,0.8886221495,-0.4503239801,-0.7869682022,0,0,0,0.0,0,0.004706657817,0.0,0.3877534916108236
2025-09-16,3.08,0.6219485876,-0.5396815522,-0.8359487426,0,0,0,0.0,0,-0.001287927344,-0.0,0.3877534916108236
2025-09-17,2.64,0.02155396301,-1.045144654,-1.299233637,0,1,-1,0.0,0,-0.0009702183824,-0.0,0.3877534916108236
2025-09-18,1.51,-0.9527108201,-2.339656896,-2.504294004,0,1,-1,0.0,0,0.00478913997,0.0,0.3877534916108236
2025-09-19,1.13,-1.765801691,-3.308147079,-3.286056392,1,1,-1,0.3333333333333333,1,0.004885433567,0.0,0.3877534916108236
2025-09-22,3.7,-1.106651389,-0.4603109441,-0.6296854424,1,0,0,0.3333333333333333,1,0.004410025869,0.004410025869,0.39216351747982364
2025-09-23,4.08,0.53603841,0.0386685048,-0.1203653305,0,0,0,0.0,0,-0.005502147526,-0.005502147526,0.38666136995382366
2025-09-24,3.94,-0.009659469019,-0.2602565478,-0.312176236,0,0,0,0.0,0,-0.00284666182,-0.0,0.38666136995382366
2025-09-25,4.27,1.635562783,0.07913070502,0.1213915951,1,0,0,0.3333333333333333,1,-0.005009061505,-0.0,0.38666136995382366
2025-09-26,3.78,-0.5675785419,-0.534561765,-0.5167116042,0,0,0,0.0,0,0.005901839896,0.005901839896,0.3925632098498237
2025-09-29,3.75,-0.9964909738,-0.5550918125,-0.5681001158,0,0,0,0.0,0,0.002635579572,0.0,0.3925632098498237
2025-09-30,3.97,0.2744531801,-0.2660114613,-0.30413578,0,0,0,0.0,0,0.004090848359,0.0,0.3925632098498237
2025-10-01,3.76,-0.1735606108,-0.5313016011,-0.5723073846,0,0,0,0.0,0,0.003399885773,0.0,0.3925632098498237
2025-10-02,4.26,0.988390598,0.03998707826,0.0233885258,0,0,0,0.0,0,0.0006183692931,0.0,0.3925632098498237
2025-10-03,4.13,0.892299071,-0.1315164873,-0.1315164873,0,0,0,0.0,0,6.552152903e-05,0.0,0.3925632098498237
2025-10-06,3.11,-1.014362138,-1.323834611,-1.323834611,1,1,-1,0.3333333333333333,1,0.003646629808,0.0,0.3925632098498237
2025-10-07,3.93,-0.09833134916,-0.4481470989,-0.4481470989,0,0,0,0.0,0,-0.003811414363,-0.003811414363,0.3887517954868237
2025-10-08,3.57,-0.5794773269,-0.8827365313,-0.8827365313,0,1,0,0.3333333333333333,1,0.005827608238,0.0,0.3887517954868237
2025-10-09,4.04,-0.1903290789,-0.3838588276,-0.3838588276,0,0,0,0.0,0,-0.00275551844,-0.00275551844,0.3859962770468237
2025-10-10,5.54,1.496658307,1.297867947,1.297867947,1,1,1,1.0,1,-0.02711165816,-0.0,0.3859962770468237
2025-10-13,3.03,-1.132637671,-1.494580028,-1.494580028,1,1,-1,0.3333333333333333,1,0.01559860267,0.01559860267,0.4015948797168237
2025-10-14,4.42,0.3435190823,0.01670983023,0.01670983023,0,0,0,0.0,0,-0.001564303231,-0.001564303231,0.40003057648582374
2025-10-15,4.03,-0.2968305941,-0.4440653753,-0.4440653753,0,0,0,0.0,0,0.004026001195,0.0,0.40003057648582374
2025-10-16,3.73,-0.8249977406,-0.8075906801,-0.8075906801,0,1,0,0.3333333333333333,1,-0.006294352022,-0.0,0.40003057648582374
2025-10-17,3.2,-1.708958711,-1.465708074,-1.465708074,1,1,-1,0.3333333333333333,1,0.005270724249,0.005270724249,0.40530130073482373
2025-10-20,5.34,0.1358181255,0.8671821456,0.8671821456,0,1,0,0.3333333333333333,1,0.01067225289,0.01067225289,0.41597355362482374
2025-10-21,5.26,0.3776961856,0.8569250406,0.8569250406,0,1,0,0.3333333333333333,1,3.266455139e-05,3.266455139e-05,0.41600621817621375
2025-10-22,5.98,1.316226515,1.813378265,1.813378265,1,1,1,1.0,1,-0.0053375103,-0.0053375103,0.41066870787621373
2025-10-23,5.21,1.372404224,1.566590592,1.566590592,1,1,1,1.0,1,0.005827387527,0.005827387527,0.41649609540321375
2025-10-24,4.57,1.185131118,0.9928526317,0.9928526317,1,1,0,0.6666666666666666,1,0.007902422519,0.007902422519,0.4243985179222137
2025-10-27,3.58,-0.8621554159,-0.8621554159,-0.8621554159,0,1,0,0.3333333333333333,1,0.01229001913,0.01229001913,0.4366885370522137
2025-10-28,3.41,-1.418518404,-1.418518404,-1.418518404,1,1,-1,0.3333333333333333,1,0.002287946753,0.002287946753,0.4389764838052137
2025-10-29,4.23,-0.4697961759,-0.4697961759,-0.4697961759,0,0,0,0.0,0,-4.353574067e-05,-4.353574067e-05,0.4389329480645437
2025-10-30,4.19,-0.7071067812,-0.7071067812,-0.7071067812,0,0,0,0.0,0,0.0,0.0,0.4389329480645437
2025-10-31,4.54,0.0,0.0,0.0,0,0,0,0.0,0,0.0,0.0,0.4389329480645437
